1,Khurram Virani,kvirani@lighthouselabs.ca
2,Don Burks,don@lighthouselabs.ca
3,Nick,nick@test.com
4,Mike,mike@test
5,Jimmy,jim@eats.it
6,MIke,crazy_aces@hotmail.com
7,gklj,hbgl
8,Nick,nick@test.ca
9,Miley Cyrus,mc@countrymusic.com,"{""mobile""=>""555-264-0467""}"
10,sdagsa,gasdgsdag,"{""mobile""=>""555-468-8436""}"
11,Nick,gsdgfd@fsafsd.com,"{""work""=>""465-521-1167""}"
12,Crazy 8,8ball@snooker.com,"{""work""=>""467-164-2224"", ""mobile""=>""467-167-1643""}"
13,Hulk Hogan,bigbadhulk@wwf.com,"{""work""=>""4643435435434""}"
14,Jennifer Love Hewitt,j_love@gmail.com,"{""home""=>""555-137-13456""}"
1,Jennifer Love Hewitt,J_Love@silly.com,
2,Marky Mark,pumpitup@rap.com,
3,Snoop Dogg,bitchesBeHoes@deathrow.com,
1,Jennifer Love Hewitt,J_Love@silly.com,
2,Marky Mark,pumpitup@rap.com,
3,Snoop Dogg,bitchesBeHoes@deathrow.com,
3,Snoop Dogg,bitchesBeHoes@deathrow.com,
3,Snoop Dogg,bitchesBeHoes@deathrow.com,
3,Snoop Dogg,bitchesBeHoes@deathrow.com,
3,Snoop Dogg,bitchesBeHoes@deathrow.com,
3,Snoop Dogg,bitchesBeHoes@deathrow.com,
3,Snoop Dogg,bitchesBeHoes@deathrow.com,
3,Snoop Dogg,bitchesBeHoes@deathrow.com,
3,Snoop Dogg,bitchesBeHoes@deathrow.com,778-345-1467
1,Jennifer Love Hewitt,J_Love@silly.com,778-446-1566
2,Marky Mark,pumpitup@rap.com,778-647-1673
3,Snoop Dogg,bitchesBeHoes@deathrow.com,778-345-1467
4,test,test,
5,David VanDusen,david@lighthouse.ca,
1,Jennifer Love Hewitt,J_Love@silly.com,778-446-1566
2,Marky Mark,pumpitup@rap.com,778-647-1673
3,Snoop Dogg,bitchesBeHoes@deathrow.com,778-345-1467
4,test,test,
5,David VanDusen,david@lighthouse.ca,
6,Cheech Chong,allKindsOfDope@mexico.com,
6,Cheech Chong,allKindsOfDope@mexico.com,
6,Cheech Chong,allKindsOfDope@mexico.com,
3,Snoop Dogg,bitchesBeHoes@deathrow.com,778-345-1467
2,Marky Mark,pumpitup@rap.com,778-647-1673
7,Coleson,ilikeboys@gmail.com,
